{
  "years_ahead": 2,
  "fixed_annual": [
    {
      "name": "Natale + Capodanno + Epifania (vacanze)",
      "start_md": "12-23",
      "end_md": "01-06",
      "mult": 1.18
    },
    {
      "name": "Inverno (bassa stagione)",
      "start_md": "01-07",
      "end_md": "02-05",
      "mult": 0.92
    },
    {
      "name": "Fine inverno (base)",
      "start_md": "02-06",
      "end_md": "03-02",
      "mult": 1.0
    },
    {
      "name": "Primavera (base)",
      "start_md": "03-03",
      "end_md": "04-29",
      "mult": 1.0
    },
    {
      "name": "Ponte 1 Maggio",
      "start_md": "04-30",
      "end_md": "05-03",
      "mult": 1.12
    },
    {
      "name": "Tarda primavera (shoulder)",
      "start_md": "05-04",
      "end_md": "05-28",
      "mult": 1.02
    },
    {
      "name": "Artigiano in Fiera - Anteprima d’Estate (finestra indicativa)",
      "start_md": "05-29",
      "end_md": "06-02",
      "mult": 1.18
    },
    {
      "name": "Inizio estate (shoulder)",
      "start_md": "06-03",
      "end_md": "06-30",
      "mult": 1.03
    },
    {
      "name": "Estate (picco)",
      "start_md": "07-01",
      "end_md": "08-31",
      "mult": 1.15
    },
    {
      "name": "Inizio autunno (base)",
      "start_md": "09-01",
      "end_md": "09-02",
      "mult": 1.05
    },
    {
      "name": "Autunno (base)",
      "start_md": "09-03",
      "end_md": "10-29",
      "mult": 1.06
    },
    {
      "name": "Ponte Ognissanti (weekend lungo)",
      "start_md": "10-30",
      "end_md": "11-01",
      "mult": 1.12
    },
    {
      "name": "Autunno (base)",
      "start_md": "11-02",
      "end_md": "11-03",
      "mult": 1.05
    },
    {
      "name": "EICMA (finestra indicativa)",
      "start_md": "11-04",
      "end_md": "11-09",
      "mult": 1.22
    },
    {
      "name": "Pre-Natale (fiere/business/mercatini)",
      "start_md": "11-10",
      "end_md": "12-04",
      "mult": 1.06
    },
    {
      "name": "Artigiano in Fiera (finestra indicativa)",
      "start_md": "12-05",
      "end_md": "12-13",
      "mult": 1.2
    },
    {
      "name": "Pre-Natale (shopping/visite)",
      "start_md": "12-14",
      "end_md": "12-22",
      "mult": 1.08
    },
    {
      "name": "Milano Fashion Week (finestra indicativa)",
      "start_md": "02-24",
      "end_md": "03-02",
      "mult": 1.22
    },
    {
      "name": "Salone del Mobile + Fuorisalone (finestra indicativa)",
      "start_md": "04-20",
      "end_md": "04-27",
      "mult": 1.25
    },
    {
      "name": "F1 Monza (finestra indicativa)",
      "start_md": "09-03",
      "end_md": "09-07",
      "mult": 1.3
    },
    {
      "name": "New Year",
      "start_md": "01-01",
      "end_md": "01-01",
      "mult": 1.2
    },
    {
      "name": "Epifania",
      "start_md": "01-06",
      "end_md": "01-06",
      "mult": 1.12
    },
    {
      "name": "San Zeno (Patrono Olgiate Molgora)",
      "start_md": "04-12",
      "end_md": "04-12",
      "mult": 1.12
    },
    {
      "name": "Festa dei Lavoratori",
      "start_md": "05-01",
      "end_md": "05-01",
      "mult": 1.12
    },
    {
      "name": "Festa della Repubblica",
      "start_md": "06-02",
      "end_md": "06-02",
      "mult": 1.1
    },
    {
      "name": "Ferragosto",
      "start_md": "08-15",
      "end_md": "08-15",
      "mult": 1.25
    },
    {
      "name": "Ognissanti",
      "start_md": "11-01",
      "end_md": "11-01",
      "mult": 1.15
    },
    {
      "name": "Immacolata",
      "start_md": "12-08",
      "end_md": "12-08",
      "mult": 1.12
    },
    {
      "name": "Vigilia di Natale",
      "start_md": "12-24",
      "end_md": "12-24",
      "mult": 1.18
    },
    {
      "name": "Natale",
      "start_md": "12-25",
      "end_md": "12-25",
      "mult": 1.22
    },
    {
      "name": "Santo Stefano",
      "start_md": "12-26",
      "end_md": "12-26",
      "mult": 1.15
    },
    {
      "name": "NYE",
      "start_md": "12-31",
      "end_md": "12-31",
      "mult": 1.3
    }
  ],
  "one_off": [
    {
      "name": "Milano-Cortina 2026 (Olimpiadi)",
      "start": "2026-02-06",
      "end": "2026-02-22",
      "mult": 1.1
    },
    {
      "name": "Milano Fashion Week (AI 2026/27)",
      "start": "2026-02-24",
      "end": "2026-03-02",
      "mult": 1.22
    },
    {
      "name": "Salone del Mobile + Fuorisalone (Milano) 2026",
      "start": "2026-04-20",
      "end": "2026-04-27",
      "mult": 1.25
    },
    {
      "name": "F1 Monza (weekend gara + arrivi/partenze) 2026",
      "start": "2026-09-03",
      "end": "2026-09-07",
      "mult": 1.3
    },
    {
      "name": "Vacanze Pasqua (Lombardia) + ponti 2026",
      "start": "2026-04-02",
      "end": "2026-04-07",
      "mult": 1.18
    },
    {
      "name": "Pasqua 2026",
      "start": "2026-04-05",
      "end": "2026-04-05",
      "mult": 1.22
    },
    {
      "name": "Pasquetta 2026",
      "start": "2026-04-06",
      "end": "2026-04-06",
      "mult": 1.18
    },
    {
      "name": "Carnevale (Ambrosiano - weekend) 2026",
      "start": "2026-02-21",
      "end": "2026-02-21",
      "mult": 1.1
    },
    {
      "name": "Vacanze Pasqua (Lombardia) + ponti 2027",
      "start": "2027-03-25",
      "end": "2027-03-30",
      "mult": 1.18
    },
    {
      "name": "Pasqua 2027",
      "start": "2027-03-28",
      "end": "2027-03-28",
      "mult": 1.22
    },
    {
      "name": "Pasquetta 2027",
      "start": "2027-03-29",
      "end": "2027-03-29",
      "mult": 1.18
    },
    {
      "name": "Carnevale (Ambrosiano - weekend) 2027",
      "start": "2027-02-13",
      "end": "2027-02-13",
      "mult": 1.1
    },
    {
      "name": "Vacanze Pasqua (Lombardia) + ponti 2028",
      "start": "2028-04-13",
      "end": "2028-04-18",
      "mult": 1.18
    },
    {
      "name": "Pasqua 2028",
      "start": "2028-04-16",
      "end": "2028-04-16",
      "mult": 1.22
    },
    {
      "name": "Pasquetta 2028",
      "start": "2028-04-17",
      "end": "2028-04-17",
      "mult": 1.18
    },
    {
      "name": "Carnevale (Ambrosiano - weekend) 2028",
      "start": "2028-03-04",
      "end": "2028-03-04",
      "mult": 1.1
    }
  ]
}
